,id,alias,name,image_url,is_closed,url,review_count,categories,rating,coordinates,transactions,price,location,phone,display_phone,distance,rev1,rev2,rev3
0,m1SprA3LBB5mL8QaH5GTew,lone-wolf-brooklyn,Lone Wolf,https://s3-media2.fl.yelpcdn.com/bphoto/-45SAerxlyMbPIfC17xmzg/o.jpg,False,https://www.yelp.com/biz/lone-wolf-brooklyn?adjust_creative=xC4n-h7ZGIsND4SXpQ_Fzg&utm_campaign=yelp_api_v3&utm_medium=api_v3_business_search&utm_source=xC4n-h7ZGIsND4SXpQ_Fzg,101,"[{'alias': 'divebars', 'title': 'Dive Bars'}]",4.0,"{'latitude': 40.694531, 'longitude': -73.930436}",[],$,"{'address1': '1089 Broadway', 'address2': '', 'address3': '', 'city': 'Brooklyn', 'zip_code': '11221', 'country': 'US', 'state': 'NY', 'display_address': ['1089 Broadway', 'Brooklyn, NY 11221']}",+13472409542,(347) 240-9542,1415.3455545216818,"First, know this bar is not fancy. It's a dive, my favorite kind of place to grab a drink on a late night. The bartender, Cash, was super personable and...",This place is great!!! The bartender is so nice and they have so many options in whiskey & bourbon.The music is so chill and definitely gives you the...,Classic dive bar. Punk playing loud but not too loud you can't have a conversation. Fun bartender and cheap whiskey. Couldn't have asked for much more.
1,jCsNg4IjZz7AOFBkNR-jxw,syndicated-bar-theater-kitchen-brooklyn,Syndicated Bar Theater Kitchen,https://s3-media4.fl.yelpcdn.com/bphoto/cXRIdnISB3D_q-Jcic39vQ/o.jpg,False,https://www.yelp.com/biz/syndicated-bar-theater-kitchen-brooklyn?adjust_creative=xC4n-h7ZGIsND4SXpQ_Fzg&utm_campaign=yelp_api_v3&utm_medium=api_v3_business_search&utm_source=xC4n-h7ZGIsND4SXpQ_Fzg,207,"[{'alias': 'movietheaters', 'title': 'Cinema'}, {'alias': 'gastropubs', 'title': 'Gastropubs'}, {'alias': 'bars', 'title': 'Bars'}]",4.0,"{'latitude': 40.705, 'longitude': -73.93308}","['delivery', 'pickup']",$$,"{'address1': '40 Bogart St', 'address2': '', 'address3': '', 'city': 'Brooklyn', 'zip_code': '11206', 'country': 'US', 'state': 'NY', 'display_address': ['40 Bogart St', 'Brooklyn, NY 11206']}",+17183863399,(718) 386-3399,1237.2240742078845,"Omg what can I say this place is awesome! It's a great place to meet up have cocktails, eat and catch movie. The drinks are awesome and the atmosphere is in...","Lol...this was my 3rd time coming here. First time was just for drinks, and we fell in love! Great deals, cool vibes, etc. the second time we came to see...","The ""Hot Mess"" fried chicken sandwich y'all...is the stuff that dreams are made of. When you come, please order that and you will definitely be back. Also,..."
2,MdSAmDJ9a5XSUPTktweIhQ,101-wilson-brooklyn-2,101 Wilson,https://s3-media3.fl.yelpcdn.com/bphoto/0MdkIdWZyHTrebPS5PB-nA/o.jpg,False,https://www.yelp.com/biz/101-wilson-brooklyn-2?adjust_creative=xC4n-h7ZGIsND4SXpQ_Fzg&utm_campaign=yelp_api_v3&utm_medium=api_v3_business_search&utm_source=xC4n-h7ZGIsND4SXpQ_Fzg,22,"[{'alias': 'divebars', 'title': 'Dive Bars'}, {'alias': 'skate_parks', 'title': 'Skate Parks'}, {'alias': 'hotdog', 'title': 'Hot Dogs'}]",4.5,"{'latitude': 40.7016106297459, 'longitude': -73.9271388129858}",[],$,"{'address1': '101 Wilson Ave', 'address2': '', 'address3': None, 'city': 'Brooklyn', 'zip_code': '11237', 'country': 'US', 'state': 'NY', 'display_address': ['101 Wilson Ave', 'Brooklyn, NY 11237']}",+17184971098,(718) 497-1098,761.8933537143424,My favorite bar in the area! This bar always has great vibes and great drink specials. Expect a $5 shot and beer. The bartenders are all great personable...,Hands down this is my favorite bar in Brooklyn or New York I should say. Been coming here since day one and I still can't get over it. Anytime I go to...,"Fav Bar in Bushwick!!

Popped in here last sat night on a whim and haven't stopped thinking about it since! My friend and I got lucky and got 2 seats at the..."
3,bhJqYOEUjIwi3vR0q0TLWg,good-room-greenpoint,Good Room,https://s3-media1.fl.yelpcdn.com/bphoto/mZR9oQJo86R_tb0UVuB6MQ/o.jpg,False,https://www.yelp.com/biz/good-room-greenpoint?adjust_creative=xC4n-h7ZGIsND4SXpQ_Fzg&utm_campaign=yelp_api_v3&utm_medium=api_v3_business_search&utm_source=xC4n-h7ZGIsND4SXpQ_Fzg,109,"[{'alias': 'bars', 'title': 'Bars'}, {'alias': 'danceclubs', 'title': 'Dance Clubs'}]",3.5,"{'latitude': 40.7268982612292, 'longitude': -73.9528847539673}",[],$$,"{'address1': '98 Meserole Ave', 'address2': '', 'address3': '', 'city': 'Greenpoint', 'zip_code': '11222', 'country': 'US', 'state': 'NY', 'display_address': ['98 Meserole Ave', 'Greenpoint, NY 11222']}",+17183492373,(718) 349-2373,3906.1202825405976,I love the vibe here. The sound system is off the charts with my fav DJ @718 sessions/Danny. So alive. All X's are welcomed. No judgement zone.,"Went to Bound at Good Room on 1/31/20, first time at this venue. This could be a 4-5 star venue. It's so close: spacious, good mix of rooms, legit sound...",Awful door policy. They make ticket buyers wait in line until all ticket holders are in. I wasted like 30 min waiting in line before I gave up  because who...
4,iNvDnRFJWuoO3asZOta2kw,kings-county-brewers-collective-brooklyn,Kings County Brewers Collective,https://s3-media1.fl.yelpcdn.com/bphoto/oZiWIoPh7LV5vtH0NYbeRA/o.jpg,False,https://www.yelp.com/biz/kings-county-brewers-collective-brooklyn?adjust_creative=xC4n-h7ZGIsND4SXpQ_Fzg&utm_campaign=yelp_api_v3&utm_medium=api_v3_business_search&utm_source=xC4n-h7ZGIsND4SXpQ_Fzg,115,"[{'alias': 'breweries', 'title': 'Breweries'}, {'alias': 'beerbar', 'title': 'Beer Bar'}]",4.5,"{'latitude': 40.7060738809209, 'longitude': -73.9236054652601}","['delivery', 'pickup']",$$,"{'address1': '381 Troutman St', 'address2': '', 'address3': None, 'city': 'Brooklyn', 'zip_code': '11237', 'country': 'US', 'state': 'NY', 'display_address': ['381 Troutman St', 'Brooklyn, NY 11237']}",+17182882891,(718) 288-2891,527.9203077137507,"KCBC is my favorite brewery in NYC (and I've been to Other Half, Mikkeller, Bronx Brewery, Fifth Hammer, Rockaway Brewing Co., Big aLICe, Threes Brewering,...","Hung out at Kings County Brewers Collective on Saturday evening. A laid back brewery with solid beers, they are doing a lot of things right.

Quality: Kings...",This spot is a truly delightful spot to stop in for a beer. We stopped by the other weekend and absolutely loved the atmosphere of the space and the great...
5,Ho7JN8DQqJKKs1HR-w_hRg,the-footlight-bar-ridgewood,The Footlight Bar,https://s3-media2.fl.yelpcdn.com/bphoto/6daDU5Je0oLp_ncwESxtYw/o.jpg,False,https://www.yelp.com/biz/the-footlight-bar-ridgewood?adjust_creative=xC4n-h7ZGIsND4SXpQ_Fzg&utm_campaign=yelp_api_v3&utm_medium=api_v3_business_search&utm_source=xC4n-h7ZGIsND4SXpQ_Fzg,23,"[{'alias': 'bars', 'title': 'Bars'}, {'alias': 'musicvenues', 'title': 'Music Venues'}]",4.5,"{'latitude': 40.7061195373535, 'longitude': -73.9128189086914}",[],$,"{'address1': '465 Seneca Ave', 'address2': '', 'address3': None, 'city': 'Ridgewood', 'zip_code': '11385', 'country': 'US', 'state': 'NY', 'display_address': ['465 Seneca Ave', 'Ridgewood, NY 11385']}",,,553.3442887224832,The world needs more places like this. Chill comfortably kinda divey but not really front bar opens to a great performance space in the back. I vended at a...,"I love this place for a lot of reasons- the events are always good and community oriented, the drinks are good and inexpensive, and the actual location is...","This is a reliable and very friendly spot for drinks and events, ranging from comedy to concerts and who knows what else. The kind of place where bartenders..."
6,4ruGQrxkRfZSFkrCSrJYSw,the-rosemont-williamsburg,The Rosemont,https://s3-media1.fl.yelpcdn.com/bphoto/kAQD0KJaODojEUALuTOZHw/o.jpg,False,https://www.yelp.com/biz/the-rosemont-williamsburg?adjust_creative=xC4n-h7ZGIsND4SXpQ_Fzg&utm_campaign=yelp_api_v3&utm_medium=api_v3_business_search&utm_source=xC4n-h7ZGIsND4SXpQ_Fzg,42,"[{'alias': 'lounges', 'title': 'Lounges'}, {'alias': 'danceclubs', 'title': 'Dance Clubs'}, {'alias': 'gaybars', 'title': 'Gay Bars'}]",4.5,"{'latitude': 40.707176, 'longitude': -73.947448}",[],$$,"{'address1': '63 Montrose Ave', 'address2': '', 'address3': '', 'city': 'Williamsburg', 'zip_code': '11206', 'country': 'US', 'state': 'NY', 'display_address': ['63 Montrose Ave', 'Williamsburg, NY 11206']}",+13479873101,(347) 987-3101,2481.001835423672,"The entire bar feels like a family. The staff are super kind and welcoming. A safe queer space!!!! 
I was there a few weeks ago and a woman was assaulted by...","The Rosemont prides itself on being Brooklyn's best LGBTQ+ bar yet their actions say different. Two weeks ago, I was a victim of a hate crime at the venue...","A friend mentioned this place so we decided to give it a try. Dimly lit with good music playing in the background. 
Interesting mix crowd here everyone from..."
7,eUCEACn0UhJ7bNP_twg5qQ,hart-bar-brooklyn,Hart Bar,https://s3-media4.fl.yelpcdn.com/bphoto/Nv02ti-jqiNKSInkY9Ly2w/o.jpg,False,https://www.yelp.com/biz/hart-bar-brooklyn?adjust_creative=xC4n-h7ZGIsND4SXpQ_Fzg&utm_campaign=yelp_api_v3&utm_medium=api_v3_business_search&utm_source=xC4n-h7ZGIsND4SXpQ_Fzg,32,"[{'alias': 'bars', 'title': 'Bars'}]",4.0,"{'latitude': 40.69637, 'longitude': -73.92998}","['delivery', 'pickup']",$$,"{'address1': '538 Hart St', 'address2': '', 'address3': None, 'city': 'Brooklyn', 'zip_code': '11221', 'country': 'US', 'state': 'NY', 'display_address': ['538 Hart St', 'Brooklyn, NY 11221']}",+19294337368,(929) 433-7368,1239.63855738246,This bar was lovely. Came here to take pictures/see my friends band play back in January and the atmosphere was really nice!,"Came here for the first time last night, and I've gotta say, it was pretty darn good. I arrived around 7:30 pm, just before their happy hour ended at 8....","A fun little local bar! I love to hang out on the outdoor patio in the warm weather, and the prices are very reasonable! Super cool space inside as well...."
8,S9rwRIC01Cs_AfZNq_k62w,comedians-you-should-know-nyc-brooklyn,Comedians You Should Know NYC,https://s3-media2.fl.yelpcdn.com/bphoto/4QIZLiefE6L6lQUwEmYheQ/o.jpg,False,https://www.yelp.com/biz/comedians-you-should-know-nyc-brooklyn?adjust_creative=xC4n-h7ZGIsND4SXpQ_Fzg&utm_campaign=yelp_api_v3&utm_medium=api_v3_business_search&utm_source=xC4n-h7ZGIsND4SXpQ_Fzg,8,"[{'alias': 'comedyclubs', 'title': 'Comedy Clubs'}]",5.0,"{'latitude': 40.7226524353027, 'longitude': -73.9554977416992}",[],,"{'address1': '200 N 14th St', 'address2': None, 'address3': '', 'city': 'Brooklyn', 'zip_code': '11249', 'country': 'US', 'state': 'NY', 'display_address': ['200 N 14th St', 'Brooklyn, NY 11249']}",+17183873585,(718) 387-3585,3778.953847884614,"Laughed the whole time, please keep these weekly events going!!!

Big thank you!!!","Sooo funny, I laughed till I had tears. What a great group of comedians and what a great show. Sit in the front - if you dare! Either way you'll have a blast!","I LOVED this show!  I am a great appreciator of amateur comedy, but the majority of comics at this gig were clever, snarky, and creative. Great host too!..."
9,K2fPgVQF2Ao04sdc5ajN8w,duckduck-bar-brooklyn,duckduck bar,https://s3-media4.fl.yelpcdn.com/bphoto/MkImRkxKxRqjNzJ_zLyP7w/o.jpg,False,https://www.yelp.com/biz/duckduck-bar-brooklyn?adjust_creative=xC4n-h7ZGIsND4SXpQ_Fzg&utm_campaign=yelp_api_v3&utm_medium=api_v3_business_search&utm_source=xC4n-h7ZGIsND4SXpQ_Fzg,232,"[{'alias': 'divebars', 'title': 'Dive Bars'}]",4.0,"{'latitude': 40.7074988047929, 'longitude': -73.9427649602294}",[],$,"{'address1': '153 Montrose Ave', 'address2': '', 'address3': '', 'city': 'Brooklyn', 'zip_code': '11206', 'country': 'US', 'state': 'NY', 'display_address': ['153 Montrose Ave', 'Brooklyn, NY 11206']}",+13477991449,(347) 799-1449,2101.9124586159837,"Waiting for Win Son dinner Friday.

My lover got to the area before me so he found a dive bar to his liking. It was airy and spacious, which I liked and...",I came here on the Thursday night before Halloweekend. I wasn't expecting a full house but at the same time I also didn't expect how many people actually...,"Hot spiced cider is great here. This bar is a chill spot with a causal interior, it's also pretty big if your rolling through with the homies. There's..."
10,8L8YaUvbU7--dGzBQidp1g,trans-pecos-ridgewood,Trans-Pecos,https://s3-media1.fl.yelpcdn.com/bphoto/y3KqS390IMjpdMx32IxHuA/o.jpg,False,https://www.yelp.com/biz/trans-pecos-ridgewood?adjust_creative=xC4n-h7ZGIsND4SXpQ_Fzg&utm_campaign=yelp_api_v3&utm_medium=api_v3_business_search&utm_source=xC4n-h7ZGIsND4SXpQ_Fzg,4,"[{'alias': 'bars', 'title': 'Bars'}, {'alias': 'danceclubs', 'title': 'Dance Clubs'}]",4.5,"{'latitude': 40.6970615, 'longitude': -73.9061715}",[],,"{'address1': '9-15 Wyckoff Ave', 'address2': '', 'address3': None, 'city': 'Ridgewood', 'zip_code': '11385', 'country': 'US', 'state': 'NY', 'display_address': ['9-15 Wyckoff Ave', 'Ridgewood, NY 11385']}",,,1250.8932755091969,I went here to see Nicole Dollanganger and brooks the other day and I have a great time.Im under age but they scanned me and my friends tickets and got us...,"Trans Pecos is a pseudo-DIY venue that neither employees, performers, nor crowds actually like all that much. How is this possible? And why am I still...",I'm completely obsessed with music and pretty much go out to nightlife every weekend evening. Why I haven't gone to this venue sooner...unless the perfect...
11,qJOkS_t5FcNur2EkAb6u1A,old-stanleys-brooklyn,Old Stanley's,https://s3-media3.fl.yelpcdn.com/bphoto/1-hghyu9kHsHjQ3PXA-Cug/o.jpg,False,https://www.yelp.com/biz/old-stanleys-brooklyn?adjust_creative=xC4n-h7ZGIsND4SXpQ_Fzg&utm_campaign=yelp_api_v3&utm_medium=api_v3_business_search&utm_source=xC4n-h7ZGIsND4SXpQ_Fzg,70,"[{'alias': 'bars', 'title': 'Bars'}]",4.0,"{'latitude': 40.700852, 'longitude': -73.914041}",[],$,"{'address1': '226 Wyckoff Ave', 'address2': '', 'address3': '', 'city': 'Brooklyn', 'zip_code': '11237', 'country': 'US', 'state': 'NY', 'display_address': ['226 Wyckoff Ave', 'Brooklyn, NY 11237']}",,,466.12978231134684,"These types of bars are few and far between. Well kept, but low frills. I guess you can call it a dive bar, but that's not all. Great vibes, cool staff,...",Very chill spot in Bushwick/Ridgewood/East Williamsburg as I don't even know what this area I called anymore.  We came here to kill time while we wait to be...,Found a little gem in the heart of Bushwick. Not talking about the bar; talking about the bartender! What a treat! They have burritos but this was...
12,T01HREE-9x-Q0zPr8K419A,heavy-woods-brooklyn,Heavy Woods,https://s3-media2.fl.yelpcdn.com/bphoto/eLZ9JUH8t_j8LPYwB4eWqg/o.jpg,False,https://www.yelp.com/biz/heavy-woods-brooklyn?adjust_creative=xC4n-h7ZGIsND4SXpQ_Fzg&utm_campaign=yelp_api_v3&utm_medium=api_v3_business_search&utm_source=xC4n-h7ZGIsND4SXpQ_Fzg,262,"[{'alias': 'bars', 'title': 'Bars'}, {'alias': 'cafes', 'title': 'Cafes'}, {'alias': 'cajun', 'title': 'Cajun/Creole'}]",4.0,"{'latitude': 40.7057052036711, 'longitude': -73.921245932579}","['delivery', 'pickup']",$$,"{'address1': '50 Wyckoff Ave', 'address2': '', 'address3': '', 'city': 'Brooklyn', 'zip_code': '11237', 'country': 'US', 'state': 'NY', 'display_address': ['50 Wyckoff Ave', 'Brooklyn, NY 11237']}",+19292343500,(929) 234-3500,348.94820416906504,Stumbled upon this GEM while looking for a place to watch the LSU game last night. Little did I know this is a Louisiana bar. No signage outside or huge...,"Great food, service, and hidden New York brunch spot. 

Saw they have a happy hour from 3-8pm M-F. This is longer than most. Their Bloody Mary's and...",I tried to enjoy this place but I simply couldn't. I was meeting up with a friend and we decided to try Heavy Woods. We were both looking forward to some...
13,n8pUdu9-ydHlmeEbYqbApQ,bodeguita-brooklyn,Bodeguita,https://s3-media2.fl.yelpcdn.com/bphoto/4_cOXjgZQ_lN5kzeKLPoIA/o.jpg,False,https://www.yelp.com/biz/bodeguita-brooklyn?adjust_creative=xC4n-h7ZGIsND4SXpQ_Fzg&utm_campaign=yelp_api_v3&utm_medium=api_v3_business_search&utm_source=xC4n-h7ZGIsND4SXpQ_Fzg,35,"[{'alias': 'cocktailbars', 'title': 'Cocktail Bars'}, {'alias': 'musicvenues', 'title': 'Music Venues'}]",4.5,"{'latitude': 40.69555, 'longitude': -73.93204}",[],,"{'address1': '6 Suydam St', 'address2': '', 'address3': None, 'city': 'Brooklyn', 'zip_code': '11221', 'country': 'US', 'state': 'NY', 'display_address': ['6 Suydam St', 'Brooklyn, NY 11221']}",+17185741959,(718) 574-1959,1444.8321295008514,"Attractive, cozy bar which is very hospitable to high quality, original entertainment and arts presentations.   

Service is incredibly thoughtful and...","What a spot. I mean really, what a spot. I rarely give 5-star reviews, but this is one place that deserves it. As soon as I walked in, I was greeted with a...","Such a cool spot! We went in on a Friday night and it wasn't crowded at all, which I have no idea why! The happy hour was great ($7 cocktails!) and my..."
14,rwVYlc3axjEZKEk9nkj1Fg,honeys-brooklyn,Honey's,https://s3-media3.fl.yelpcdn.com/bphoto/yZ2Xkp6OV1_tlHhqs5p0QA/o.jpg,False,https://www.yelp.com/biz/honeys-brooklyn?adjust_creative=xC4n-h7ZGIsND4SXpQ_Fzg&utm_campaign=yelp_api_v3&utm_medium=api_v3_business_search&utm_source=xC4n-h7ZGIsND4SXpQ_Fzg,36,"[{'alias': 'cocktailbars', 'title': 'Cocktail Bars'}, {'alias': 'winetastingroom', 'title': 'Wine Tasting Room'}]",4.5,"{'latitude': 40.7103508961161, 'longitude': -73.9229261516749}",[],$$,"{'address1': '93 Scott Ave', 'address2': '', 'address3': None, 'city': 'Brooklyn', 'zip_code': '11237', 'country': 'US', 'state': 'NY', 'display_address': ['93 Scott Ave', 'Brooklyn, NY 11237']}",+13476691473,(347) 669-1473,859.9559945995771,I ordered delivery of a couple of bottles of mead and assorted other items during the coronavirus shutdown (I saw the menu advertised on instagram and...,I'm giving this place a 5 out of 5 because I could actually have a conversation in the bar. So many north bars and restaurants have acoustics so bad and...,"Came here after a show with a couple of friends for a drink or two.

There's not much seatings so we all had to stand... also, they really should put a sign..."
15,d7_W8J8T0PESBsILMsGKGQ,sea-wolf-brooklyn,Sea Wolf,https://s3-media2.fl.yelpcdn.com/bphoto/p-BHa6lSSUvV4CjFw1a9qg/o.jpg,False,https://www.yelp.com/biz/sea-wolf-brooklyn?adjust_creative=xC4n-h7ZGIsND4SXpQ_Fzg&utm_campaign=yelp_api_v3&utm_medium=api_v3_business_search&utm_source=xC4n-h7ZGIsND4SXpQ_Fzg,450,"[{'alias': 'cocktailbars', 'title': 'Cocktail Bars'}, {'alias': 'seafood', 'title': 'Seafood'}, {'alias': 'tradamerican', 'title': 'American (Traditional)'}]",4.0,"{'latitude': 40.70683, 'longitude': -73.9228}",['delivery'],$$,"{'address1': '19 Wyckoff Ave', 'address2': '', 'address3': '', 'city': 'Brooklyn', 'zip_code': '11237', 'country': 'US', 'state': 'NY', 'display_address': ['19 Wyckoff Ave', 'Brooklyn, NY 11237']}",+17183663272,(718) 366-3272,531.7137389669957,"I went to Sea Wolf on a weekend. It was packed! We waited bout 20-30 minutes, but were allowed to go to the bar. The hostess was so sweet and very...","Dear Sea Wolf,

This food was amazing! I worked at Fish 101 in Encinitas, California last year and to see ""San Diego Style"" Tacos pop up first thing on the...",This is the WORST service I have ever encountered in NYC. The food came out before the utensils. By the time I was able to flag someone down to tell them I...
16,49ST--X1jcIPzUIM1O3K6w,mominette-brooklyn-2,Mominette,https://s3-media3.fl.yelpcdn.com/bphoto/SClcXzYF9awG33Iya6weKA/o.jpg,False,https://www.yelp.com/biz/mominette-brooklyn-2?adjust_creative=xC4n-h7ZGIsND4SXpQ_Fzg&utm_campaign=yelp_api_v3&utm_medium=api_v3_business_search&utm_source=xC4n-h7ZGIsND4SXpQ_Fzg,684,"[{'alias': 'french', 'title': 'French'}, {'alias': 'cocktailbars', 'title': 'Cocktail Bars'}, {'alias': 'seafood', 'title': 'Seafood'}]",4.0,"{'latitude': 40.703252, 'longitude': -73.925889}","['restaurant_reservation', 'pickup']",$$,"{'address1': '221 Knickerbocker Ave', 'address2': '', 'address3': '', 'city': 'Brooklyn', 'zip_code': '11237', 'country': 'US', 'state': 'NY', 'display_address': ['221 Knickerbocker Ave', 'Brooklyn, NY 11237']}",+19292342941,(929) 234-2941,619.0908575718449,"A MUST 

I love everything about this place the set up is nice 
During the summer is even better being outside
Food is so good 
great for dinner parities",This was such a pleasant surprise for us. We changed our reservation the day of from a different restaurant. Mominette was much closer and convenient for...,"Today I had brunch in Mominette. The experience was delightful, the staff is super friendly. They were super kind and wary that we didn't ran out of water...."
17,uO8pyJp0NcRpLZ6k2mY6DA,molasses-books-brooklyn,Molasses Books,https://s3-media2.fl.yelpcdn.com/bphoto/pyIQeqVS34BKGWW8-S8pjw/o.jpg,False,https://www.yelp.com/biz/molasses-books-brooklyn?adjust_creative=xC4n-h7ZGIsND4SXpQ_Fzg&utm_campaign=yelp_api_v3&utm_medium=api_v3_business_search&utm_source=xC4n-h7ZGIsND4SXpQ_Fzg,53,"[{'alias': 'bookstores', 'title': 'Bookstores'}, {'alias': 'bars', 'title': 'Bars'}, {'alias': 'coffee', 'title': 'Coffee & Tea'}]",4.5,"{'latitude': 40.700569, 'longitude': -73.923696}",[],$,"{'address1': '770 Hart St', 'address2': '', 'address3': '', 'city': 'Brooklyn', 'zip_code': '11237', 'country': 'US', 'state': 'NY', 'display_address': ['770 Hart St', 'Brooklyn, NY 11237']}",,,545.7885110606683,"Love this place. Cozy, great vibes, amazing book selection. Place is all around amazing.","This place was a great find. They sold mostly used books and there were dollar carts that were super exciting. I walked away with three books in hand.

It...","BOOKS + Beer!!! Came here for a friends book reading. It's a very cool space, but just make sure your group is small.  Also this place is super chill and..."
18,TRWTCtNQYxiBU_7OvnhAvw,the-woods-brooklyn,The Woods,https://s3-media3.fl.yelpcdn.com/bphoto/WzBe2UVWAxgVTx7BUkBUzA/o.jpg,False,https://www.yelp.com/biz/the-woods-brooklyn?adjust_creative=xC4n-h7ZGIsND4SXpQ_Fzg&utm_campaign=yelp_api_v3&utm_medium=api_v3_business_search&utm_source=xC4n-h7ZGIsND4SXpQ_Fzg,430,"[{'alias': 'bars', 'title': 'Bars'}, {'alias': 'danceclubs', 'title': 'Dance Clubs'}]",3.0,"{'latitude': 40.7128083975095, 'longitude': -73.9663612561585}",[],$$,"{'address1': '48 S 4th St', 'address2': '', 'address3': '', 'city': 'Brooklyn', 'zip_code': '11211', 'country': 'US', 'state': 'NY', 'display_address': ['48 S 4th St', 'Brooklyn, NY 11211']}",+17187824955,(718) 782-4955,4173.942775212858,"Love it! Guys had to pay $5, and girls were free on a Saturday night. 

The music was a mix of hip hop and chill reggae? The floor was crowded enough to be...","I've never had to write THIS type of review before, but honestly am so upset that I feel I have no choice. TLDR; woods is racist.

I came to The Woods with...",Great spot with good ambiance and music (DJ onsite). Very spacious with a nice outdoor patio. Smoking shouldn't be allowed. It becomes suffocating for those...
19,60KTvpWASee4CecRsEfXYw,black-flamingo-brooklyn,Black Flamingo,https://s3-media1.fl.yelpcdn.com/bphoto/13N4oOTgFlt3DqGLPslFCw/o.jpg,False,https://www.yelp.com/biz/black-flamingo-brooklyn?adjust_creative=xC4n-h7ZGIsND4SXpQ_Fzg&utm_campaign=yelp_api_v3&utm_medium=api_v3_business_search&utm_source=xC4n-h7ZGIsND4SXpQ_Fzg,216,"[{'alias': 'cocktailbars', 'title': 'Cocktail Bars'}, {'alias': 'danceclubs', 'title': 'Dance Clubs'}, {'alias': 'vegan', 'title': 'Vegan'}]",4.0,"{'latitude': 40.710437, 'longitude': -73.953916}","['delivery', 'pickup']",$$,"{'address1': '168 Borinquen Pl', 'address2': None, 'address3': '', 'city': 'Brooklyn', 'zip_code': '11211', 'country': 'US', 'state': 'NY', 'display_address': ['168 Borinquen Pl', 'Brooklyn, NY 11211']}",+13473350838,(347) 335-0838,3092.3791526772525,"I loved this place!
It's simple, fun and the food was delicious, I really didn't e levy that, and now I can't stop fantasizing on their tacos!

We took the...","Didn't get any food, so this review is for the cocktails only.

Beautiful find off the beaten path in Williamsburg. Cocktails were a wonderfully tropical...","Great food, very interesting combinations of flavors. Drinks were pretty good too!
We had
- Empanadas: 8. Great crust, the spinach and cheese were very..."
20,1o4dZQszEUtL-w2xR1JaGA,friends-and-lovers-brooklyn,Friends and Lovers,https://s3-media2.fl.yelpcdn.com/bphoto/2pRbXT_7HbA8Zd5oBYDohQ/o.jpg,False,https://www.yelp.com/biz/friends-and-lovers-brooklyn?adjust_creative=xC4n-h7ZGIsND4SXpQ_Fzg&utm_campaign=yelp_api_v3&utm_medium=api_v3_business_search&utm_source=xC4n-h7ZGIsND4SXpQ_Fzg,77,"[{'alias': 'bars', 'title': 'Bars'}, {'alias': 'musicvenues', 'title': 'Music Venues'}]",4.0,"{'latitude': 40.678536, 'longitude': -73.958437}",[],$$,"{'address1': '641 Classon Ave', 'address2': '', 'address3': '', 'city': 'Brooklyn', 'zip_code': '11238', 'country': 'US', 'state': 'NY', 'display_address': ['641 Classon Ave', 'Brooklyn, NY 11238']}",+19179793060,(917) 979-3060,4362.984775961716,Came specifically to see the Side Ponytail comedy show that's free every Wednesday night and last Saturday of the month. Pretty cool venue although it was...,"I've come here for a few events and it's OK. There's a room with a stage separated from the main bar area, beer selection was small but varied and the...","I really enjoy the vibe here. It's a super dive bar. Music is usually great: pop, r&b, some 90s, hip-hop. And the bartender is generous with her pour...."
21,RfxOtJ4SQmEeVX_XjFLWUQ,otis-brooklyn-2,Otis,https://s3-media1.fl.yelpcdn.com/bphoto/2-wCZkm7v_aIvHuzuTsnhA/o.jpg,False,https://www.yelp.com/biz/otis-brooklyn-2?adjust_creative=xC4n-h7ZGIsND4SXpQ_Fzg&utm_campaign=yelp_api_v3&utm_medium=api_v3_business_search&utm_source=xC4n-h7ZGIsND4SXpQ_Fzg,295,"[{'alias': 'newamerican', 'title': 'American (New)'}, {'alias': 'cocktailbars', 'title': 'Cocktail Bars'}]",5.0,"{'latitude': 40.706011, 'longitude': -73.932598}",[],$$,"{'address1': '18 Harrison Pl', 'address2': None, 'address3': '', 'city': 'Brooklyn', 'zip_code': '11206', 'country': 'US', 'state': 'NY', 'display_address': ['18 Harrison Pl', 'Brooklyn, NY 11206']}",+16468860601,(646) 886-0601,1229.6443935631164,"Was told this place is better than Faro. So here I am in Bushwick.  
The place is supposedly booked so a delightful matri d' asks if I can sit at the bar...","Came here for brunch! 
Great ambience.  Good food and drinks too.
Had the Bloody Mary and tried pork belly hash and a shredded chicken dish. 
The food was...","5 Star !  This place really deserved it -  
We had Lamb Shack and Pork Shoulder Pasta = both amazing. Delicious Drinks, friendly staff - perfect value for..."
22,fX15Hx2YjiZx0Ut4eBHPKQ,el-manaba-lounge-ridgewood,El Manaba Lounge,https://s3-media4.fl.yelpcdn.com/bphoto/sC-FdO0xCF9P1_q6QC3iwg/o.jpg,False,https://www.yelp.com/biz/el-manaba-lounge-ridgewood?adjust_creative=xC4n-h7ZGIsND4SXpQ_Fzg&utm_campaign=yelp_api_v3&utm_medium=api_v3_business_search&utm_source=xC4n-h7ZGIsND4SXpQ_Fzg,18,"[{'alias': 'bars', 'title': 'Bars'}, {'alias': 'spanish', 'title': 'Spanish'}]",2.5,"{'latitude': 40.700889, 'longitude': -73.909249}",['pickup'],$$,"{'address1': '341 St  Nicholas Ave', 'address2': '', 'address3': '', 'city': 'Ridgewood', 'zip_code': '11385', 'country': 'US', 'state': 'NY', 'display_address': ['341 St  Nicholas Ave', 'Ridgewood, NY 11385']}",+13472277506,(347) 227-7506,798.9980544973175,"First time trying this place and  I'm so disappointed:
1- I could give this place -5 stars but there's not an option..First of all  the worse customer...",Good food and service Was good too. Nice music and great ambience. Food portions were just right and clean place .,Stopped here for lunch with a sales rep I was working with for lunch. The food was good and the ambience is a bit meh. The only negative I can mention is...
23,ki1QfVkOweIcoJtERPJoew,concrete-brooklyn-brooklyn,Concrete Brooklyn,https://s3-media1.fl.yelpcdn.com/bphoto/qQVTLwy_lP75daeRBDEc4A/o.jpg,False,https://www.yelp.com/biz/concrete-brooklyn-brooklyn?adjust_creative=xC4n-h7ZGIsND4SXpQ_Fzg&utm_campaign=yelp_api_v3&utm_medium=api_v3_business_search&utm_source=xC4n-h7ZGIsND4SXpQ_Fzg,1,"[{'alias': 'bars', 'title': 'Bars'}, {'alias': 'italian', 'title': 'Italian'}, {'alias': 'venues', 'title': 'Venues & Event Spaces'}]",5.0,"{'latitude': 40.6953331068589, 'longitude': -73.9321182287498}",[],,"{'address1': '906 Broadway', 'address2': '', 'address3': None, 'city': 'Brooklyn', 'zip_code': '11206', 'country': 'US', 'state': 'NY', 'display_address': ['906 Broadway', 'Brooklyn, NY 11206']}",+19179668440,(917) 966-8440,1463.1791660642277,My son took us here for an early Sunday dinner. He raved about it the entire way there. Once inside we were met by attentive friendly staff. We walked...,No Review,No Review
24,MBkyCEjBbe-Ql63agwOUpw,duffs-brooklyn-brooklyn,Duff's Brooklyn,https://s3-media3.fl.yelpcdn.com/bphoto/ViszrycS1HD4FT4AvPwy-Q/o.jpg,False,https://www.yelp.com/biz/duffs-brooklyn-brooklyn?adjust_creative=xC4n-h7ZGIsND4SXpQ_Fzg&utm_campaign=yelp_api_v3&utm_medium=api_v3_business_search&utm_source=xC4n-h7ZGIsND4SXpQ_Fzg,162,"[{'alias': 'divebars', 'title': 'Dive Bars'}]",4.5,"{'latitude': 40.70885, 'longitude': -73.95787}",[],$,"{'address1': '168 Marcy Ave', 'address2': '', 'address3': '', 'city': 'Brooklyn', 'zip_code': '11211', 'country': 'US', 'state': 'NY', 'display_address': ['168 Marcy Ave', 'Brooklyn, NY 11211']}",+17185992092,(718) 599-2092,3380.7255185378103,"Easily one of my favorite bars in NYC- and it's not just because I'm a metalhead! 

As others have said- don't let the decor intimidate you. All are...","Best bar I visited in my week stay in NY. Incredible memorabilia for all metal fans. Goatwhore, Suffocation, Mayhem, Amon Amarth have all been here and many...","Metal! Metal! Metal! Shout at the Devil!! 

This is hands down NY's metal bar. 

Are you looking for an electric chair, coffin seating, autographed metal..."
25,5h97GrQjsBze3cF7hS1xsg,post-no-bills-brooklyn,Post No Bills,https://s3-media2.fl.yelpcdn.com/bphoto/XoDhFngPfiuiYkQ9CCotbg/o.jpg,False,https://www.yelp.com/biz/post-no-bills-brooklyn?adjust_creative=xC4n-h7ZGIsND4SXpQ_Fzg&utm_campaign=yelp_api_v3&utm_medium=api_v3_business_search&utm_source=xC4n-h7ZGIsND4SXpQ_Fzg,37,"[{'alias': 'bars', 'title': 'Bars'}]",4.0,"{'latitude': 40.7072411, 'longitude': -73.9394913}",[],$,"{'address1': '253 Bushwick Ave', 'address2': '', 'address3': '', 'city': 'Brooklyn', 'zip_code': '11206', 'country': 'US', 'state': 'NY', 'display_address': ['253 Bushwick Ave', 'Brooklyn, NY 11206']}",,,1826.6777920166785,"Great place for mistakes!*
An 'end-of-the-night bar' sure 
To make you more drunk 


* apologies to the bartenders & patrons who were super chill while my...","neighborhood bar in the heart of bushwick, good selection of draft and can beers w shots at a very reasonable prices, never tried the cocktail. there's also...","Cute little neighbourhood bar with good drinks. Friendly bartenders. Mostly chill crowd. 

Cash only! Learnt this the hard way."
26,ngayYM5gI_xt9xjQ5NrqDw,flowers-for-all-occasions-brooklyn-2,Flowers For All Occasions,https://s3-media2.fl.yelpcdn.com/bphoto/yv5VycaO3--rG6lifMOuDQ/o.jpg,False,https://www.yelp.com/biz/flowers-for-all-occasions-brooklyn-2?adjust_creative=xC4n-h7ZGIsND4SXpQ_Fzg&utm_campaign=yelp_api_v3&utm_medium=api_v3_business_search&utm_source=xC4n-h7ZGIsND4SXpQ_Fzg,28,"[{'alias': 'bars', 'title': 'Bars'}, {'alias': 'cafes', 'title': 'Cafes'}, {'alias': 'galleries', 'title': 'Art Galleries'}]",4.0,"{'latitude': 40.69374, 'longitude': -73.92984}",[],$,"{'address1': '1114 De Kalb Ave', 'address2': '', 'address3': '', 'city': 'Brooklyn', 'zip_code': '11221', 'country': 'US', 'state': 'NY', 'display_address': ['1114 De Kalb Ave', 'Brooklyn, NY 11221']}",,,1442.4559730321294,"Flowers For All Occasions is a great low key coffee shop in the Brooklyn area. It has great music  playing and a great atmosphere. They have beer, wine,...",Cool place for games and to see live music. Bartender/hostess/waitress wasn't the most inviting or friendliest. Would go back to play Chess and drink beer....,This bar was wicked cool while also being incredibly cute. My friend and I both got margaritas and we were far from disappointed. The music was rad and...
27,wnQ6WTOn8sv2M-7UYn3lkA,avant-gardner-brooklyn,Avant Gardner,https://s3-media4.fl.yelpcdn.com/bphoto/iE5bLYcsVEbPvpZ34xj1Fw/o.jpg,False,https://www.yelp.com/biz/avant-gardner-brooklyn?adjust_creative=xC4n-h7ZGIsND4SXpQ_Fzg&utm_campaign=yelp_api_v3&utm_medium=api_v3_business_search&utm_source=xC4n-h7ZGIsND4SXpQ_Fzg,64,"[{'alias': 'venues', 'title': 'Venues & Event Spaces'}, {'alias': 'danceclubs', 'title': 'Dance Clubs'}, {'alias': 'musicvenues', 'title': 'Music Venues'}]",3.0,"{'latitude': 40.71057, 'longitude': -73.9264}",[],,"{'address1': '140 Stewart Ave', 'address2': None, 'address3': '', 'city': 'Brooklyn', 'zip_code': '11237', 'country': 'US', 'state': 'NY', 'display_address': ['140 Stewart Ave', 'Brooklyn, NY 11237']}",+13479873146,(347) 987-3146,1047.7057942021688,"I've been here a bunch of times, and my experience has been inconsistent. As far as EDM venues go, this place is fine. 

I've seen several artists here,...","Came here for an electronica music concert/show and I was very underwhelmed by sound system. The music was just loud. Very very loud and not clear, just...","This will be a conprehensive smacked review on Avant Gardner. Primarily on  Great Hall
Went there for Seven Lions and Zedd (12/29) just recently and first..."
28,uDvyZNhtnYjAI0CD3Ey8nQ,old-timers-brooklyn,Old Timers,https://s3-media2.fl.yelpcdn.com/bphoto/-d8JwazzcUJiuM5flS5OQA/o.jpg,False,https://www.yelp.com/biz/old-timers-brooklyn?adjust_creative=xC4n-h7ZGIsND4SXpQ_Fzg&utm_campaign=yelp_api_v3&utm_medium=api_v3_business_search&utm_source=xC4n-h7ZGIsND4SXpQ_Fzg,4,"[{'alias': 'divebars', 'title': 'Dive Bars'}]",5.0,"{'latitude': 40.69724, 'longitude': -73.93473}",[],,"{'address1': '1157 Myrtle Ave', 'address2': '', 'address3': None, 'city': 'Brooklyn', 'zip_code': '11206', 'country': 'US', 'state': 'NY', 'display_address': ['1157 Myrtle Ave', 'Brooklyn, NY 11206']}",+13472406444,(347) 240-6444,1536.0053421910154,"By far some of the cheapest happy hour drinks I have been able to find in the boroughs. Under $5 for pretty much anything, some under $4. Get fucked up...","Even if you're a new timer to Old Timers, like myself, there are good times to be had. Awesome place, really. The location is especially convenient if you...","simply classic. their cocktail menu is best kept secret. beet infused mezcal, yes u may. mixology realness afoot. playlist makes me sing along my buzz to..."
29,RyS7SdfQCyTYiFzeMz-bjg,895-bar-brooklyn,895 Bar,https://s3-media1.fl.yelpcdn.com/bphoto/CQZfppyMMWKGHUAbInGkHw/o.jpg,False,https://www.yelp.com/biz/895-bar-brooklyn?adjust_creative=xC4n-h7ZGIsND4SXpQ_Fzg&utm_campaign=yelp_api_v3&utm_medium=api_v3_business_search&utm_source=xC4n-h7ZGIsND4SXpQ_Fzg,7,"[{'alias': 'sportsbars', 'title': 'Sports Bars'}]",4.5,"{'latitude': 40.69807, 'longitude': -73.93694}",[],,"{'address1': '895 Broadway', 'address2': None, 'address3': '', 'city': 'Brooklyn', 'zip_code': '11206', 'country': 'US', 'state': 'NY', 'display_address': ['895 Broadway', 'Brooklyn, NY 11206']}",+19179664446,(917) 966-4446,1662.8162548117346,"Do you like $2 tequila shots? How about $2 whiskey shots? Hell, $2 rum? It's here. $4 beer? Come on in. This place is fantastic. They have pool tables,...","Came here tonight and literally was turned off 100%, me, my coworker and sister was looking for some drinks, food and games and the security/ bouncer not...","The drinks were pretty decent 
Place was clean. 
Games were fun. 
It was a bit empty but I didn't mind. 
Chill spot to bring a group of friends or date night."
30,FIHKhTAcnY8_FE5NRSrYmA,sundown-bar-queens,Sundown Bar,https://s3-media3.fl.yelpcdn.com/bphoto/2c9WdXCiJIKc5GMP_ExXgQ/o.jpg,False,https://www.yelp.com/biz/sundown-bar-queens?adjust_creative=xC4n-h7ZGIsND4SXpQ_Fzg&utm_campaign=yelp_api_v3&utm_medium=api_v3_business_search&utm_source=xC4n-h7ZGIsND4SXpQ_Fzg,6,"[{'alias': 'cocktailbars', 'title': 'Cocktail Bars'}]",4.0,"{'latitude': 40.70259, 'longitude': -73.90122}",[],,"{'address1': '68-38 Forest Ave', 'address2': '', 'address3': None, 'city': 'Queens', 'zip_code': '11385', 'country': 'US', 'state': 'NY', 'display_address': ['68-38 Forest Ave', 'Queens, NY 11385']}",,,1452.0640299202948,They make solid classics in a quaint setting despite being decidedly hipster. Bartenders were very nice and the music was upbeat and friendly.,"So...respectful question for the owners/GM - why is there very clearly a guest WiFi (see screenshot) but the staff refuse to let anyone use it? 

Not at all...","I haven't been here in months, but everything about this place is perfect! They have a great selection of well-crafted cocktails ( I wanted to try ALL OF..."
31,dAReecCLAqJTAZplK2PnVw,tv-eye-queens,TV Eye,https://s3-media1.fl.yelpcdn.com/bphoto/yWB6XLZ9ygMy_g-pYPeWAw/o.jpg,False,https://www.yelp.com/biz/tv-eye-queens?adjust_creative=xC4n-h7ZGIsND4SXpQ_Fzg&utm_campaign=yelp_api_v3&utm_medium=api_v3_business_search&utm_source=xC4n-h7ZGIsND4SXpQ_Fzg,4,"[{'alias': 'musicvenues', 'title': 'Music Venues'}, {'alias': 'bars', 'title': 'Bars'}]",4.5,"{'latitude': 40.6978306, 'longitude': -73.9052781}",[],,"{'address1': '1647 Weirfield St', 'address2': '', 'address3': None, 'city': 'Queens', 'zip_code': '11385', 'country': 'US', 'state': 'NY', 'display_address': ['1647 Weirfield St', 'Queens, NY 11385']}",,,1275.0591087184387,"4 & 1/2 I really loved this new place, had a few peeps meet up here for my bday before the world ended.  Super cool design, bad ass rock and roll staffers,...","TV Eye was... certainly an experience. First impression, it looks great. The lighting is good, the booths are beautiful, music is nice mix of old school...","New underground rock'n'roll club & bar on the Bushwick/Ridgewood border.  L & M train accessible. Beautifully designed with a large main bar and lounge, a..."
32,BRE_QcqJdzj8InwN7G6Ofg,gold-sounds-brooklyn,Gold Sounds,https://s3-media3.fl.yelpcdn.com/bphoto/ezjNdfYAiPJ7zknhSmxuKw/o.jpg,False,https://www.yelp.com/biz/gold-sounds-brooklyn?adjust_creative=xC4n-h7ZGIsND4SXpQ_Fzg&utm_campaign=yelp_api_v3&utm_medium=api_v3_business_search&utm_source=xC4n-h7ZGIsND4SXpQ_Fzg,32,"[{'alias': 'musicvenues', 'title': 'Music Venues'}, {'alias': 'divebars', 'title': 'Dive Bars'}]",3.5,"{'latitude': 40.70263, 'longitude': -73.929609}",[],$,"{'address1': '44 Wilson Ave', 'address2': None, 'address3': '', 'city': 'Brooklyn', 'zip_code': '11237', 'country': 'US', 'state': 'NY', 'display_address': ['44 Wilson Ave', 'Brooklyn, NY 11237']}",,,947.5276859779615,"The kitchen menu is awesome, and for delivery I recommend the chicken nugs and fries, with sides of BBQ and ranch. The chicken sandwich and wings are also...","I would have given this place two stars, but then I saw how the owner replies to all the negative reviews... wow. Are you trying to stop people from coming...","Came here tonight to show support for my good friend, Omar and his band called The Phoenix Within. The venue was definitely farther commute for me but..."
33,pCxIVhhF96sYKVFR3ct_vg,we-got-company-brooklyn,We Got Company,https://s3-media4.fl.yelpcdn.com/bphoto/THfiB-LMDzlZz6NQcTqsJg/o.jpg,False,https://www.yelp.com/biz/we-got-company-brooklyn?adjust_creative=xC4n-h7ZGIsND4SXpQ_Fzg&utm_campaign=yelp_api_v3&utm_medium=api_v3_business_search&utm_source=xC4n-h7ZGIsND4SXpQ_Fzg,28,"[{'alias': 'cocktailbars', 'title': 'Cocktail Bars'}]",4.5,"{'latitude': 40.7142, 'longitude': -73.95389}",[],,"{'address1': '441 Metropolitan Ave', 'address2': None, 'address3': '', 'city': 'Brooklyn', 'zip_code': '11211', 'country': 'US', 'state': 'NY', 'display_address': ['441 Metropolitan Ave', 'Brooklyn, NY 11211']}",+17184907814,(718) 490-7814,3225.362408269043,"Brooklyn has no shortage of cool cocktail bars, that's for sure. 

I was staying in Williamsburg for a few days during my trip to NY and a local friend...","Awesome drinks - chill vibe and music, plus phenomenal ownership and bartenders. Definitely check this place out!

And you can people watch ;)",We were here again for fun night. My friend really like the vibe of the bar looks like a secret bar and you can't tell from the outside. Bartender is always...
34,-SYHh9DWvYuBZxkA4gfzHg,calabrijes-margaritas-and-tacos-brooklyn,Calabrije's Margaritas & Tacos,https://s3-media4.fl.yelpcdn.com/bphoto/2WCNNrLEVxfEOgQcDKVFrA/o.jpg,False,https://www.yelp.com/biz/calabrijes-margaritas-and-tacos-brooklyn?adjust_creative=xC4n-h7ZGIsND4SXpQ_Fzg&utm_campaign=yelp_api_v3&utm_medium=api_v3_business_search&utm_source=xC4n-h7ZGIsND4SXpQ_Fzg,93,"[{'alias': 'tacos', 'title': 'Tacos'}, {'alias': 'cocktailbars', 'title': 'Cocktail Bars'}]",4.0,"{'latitude': 40.7055429619569, 'longitude': -73.9225539192783}","['delivery', 'pickup']",$$,"{'address1': '234 Starr St', 'address2': '', 'address3': None, 'city': 'Brooklyn', 'zip_code': '11237', 'country': 'US', 'state': 'NY', 'display_address': ['234 Starr St', 'Brooklyn, NY 11237']}",+17184842110,(718) 484-2110,421.4255263745707,"Amazing margaritas place full of different flavors, small kitchen but food is pretty good and tasty",Went on a thursday note despite the pandemic and it was really cool. We pulled right up to a parking spot right out front. The place wasn't crowded altho...,"They have a pretty good 2 for 1deal on (Taco) Tuesdays, so you get 2 tacos for $4. Unfortunately they are tiny, but quite delicious. 

Great deals on happy..."
35,U84nYcclkx_LS0kQkCUB9g,the-breakers-brooklyn-2,The Breakers,https://s3-media1.fl.yelpcdn.com/bphoto/B2BPUrGeQQ4sRQloDZRWfQ/o.jpg,False,https://www.yelp.com/biz/the-breakers-brooklyn-2?adjust_creative=xC4n-h7ZGIsND4SXpQ_Fzg&utm_campaign=yelp_api_v3&utm_medium=api_v3_business_search&utm_source=xC4n-h7ZGIsND4SXpQ_Fzg,47,"[{'alias': 'bars', 'title': 'Bars'}, {'alias': 'danceclubs', 'title': 'Dance Clubs'}, {'alias': 'tacos', 'title': 'Tacos'}]",3.5,"{'latitude': 40.717535, 'longitude': -73.948872}",[],,"{'address1': '307 Meeker Ave', 'address2': None, 'address3': '', 'city': 'Brooklyn', 'zip_code': '11211', 'country': 'US', 'state': 'NY', 'display_address': ['307 Meeker Ave', 'Brooklyn, NY 11211']}",+17183848900,(718) 384-8900,3009.054999562716,"Popped into breakers for the first time the other night, I just moved to the neighborhood and the neon glow has been calling me in. I came to find it was...","I've only been here once, but I can already day this is one of my favorite spots in BK. 

The atmosphere and decor is awesome. They have an indoor, outdoor...",I love the indoor/outdoor thing here. The decorating choices are a lot but they're distinct and I think it works! The draft cocktails are not completely my...
36,FvyhJRPCth2_1pmXlBbTGA,pine-box-rock-shop-brooklyn,Pine Box Rock Shop,https://s3-media2.fl.yelpcdn.com/bphoto/4sAMSK5l6EE0RKW8ZvXV4Q/o.jpg,False,https://www.yelp.com/biz/pine-box-rock-shop-brooklyn?adjust_creative=xC4n-h7ZGIsND4SXpQ_Fzg&utm_campaign=yelp_api_v3&utm_medium=api_v3_business_search&utm_source=xC4n-h7ZGIsND4SXpQ_Fzg,220,"[{'alias': 'vegan', 'title': 'Vegan'}, {'alias': 'cocktailbars', 'title': 'Cocktail Bars'}]",4.0,"{'latitude': 40.70528, 'longitude': -73.93267}","['delivery', 'pickup']",$$,"{'address1': '12 Grattan St', 'address2': '', 'address3': '', 'city': 'Brooklyn', 'zip_code': '11206', 'country': 'US', 'state': 'NY', 'display_address': ['12 Grattan St', 'Brooklyn, NY 11206']}",+17183666311,(718) 366-6311,1222.3483496630772,Cheers! We love this place for their Bloody Mary menu and dog friendly vibe. It's a super chill yet lively spot to watch a game or hang with friends. Any...,"TLDR; This bar is worth visiting, read ahead for my own opinion

I have to say that I personally am not the biggest fan of this bar, but I do want to say...",I love how friendly bartenders are and the large selection of beers ranging from CIDERS to SOUR ALES. The place is huge and they have great happy hour...
37,d8vq_k7Rna5B-gXPj1F-AA,christophers-palace-bushwick,Christopher's Palace,https://s3-media4.fl.yelpcdn.com/bphoto/M0mQONUFiORCAstSYvxrsQ/o.jpg,False,https://www.yelp.com/biz/christophers-palace-bushwick?adjust_creative=xC4n-h7ZGIsND4SXpQ_Fzg&utm_campaign=yelp_api_v3&utm_medium=api_v3_business_search&utm_source=xC4n-h7ZGIsND4SXpQ_Fzg,3,"[{'alias': 'bars', 'title': 'Bars'}]",3.5,"{'latitude': 40.6977644374155, 'longitude': -73.9270639792085}",[],$$,"{'address1': '1258 Myrtle Ave', 'address2': '', 'address3': '', 'city': 'Bushwick', 'zip_code': '11221', 'country': 'US', 'state': 'NY', 'display_address': ['1258 Myrtle Ave', 'Bushwick, NY 11221']}",+17185748130,(718) 574-8130,962.0768076697879,Pool table in the back and a very hideouty crimson lit vibe gives you a very intimate and safe house kind of feeling. You can pick your own music from the...,A pretty basic neighborhood bar; a very quiet place to hide out on a weeknight.,"For a quick drink or a special evening out, this is the perfect place to spend a night out in the neighborhood. It's not usually crowded, which is nice."
38,bN4NsqKRjAIpKJjacwmrMg,jj-s-hideaway-brooklyn,JJâ€™s Hideaway,https://s3-media1.fl.yelpcdn.com/bphoto/I7Gsp0IUS8DsnUCbAAYlZw/o.jpg,False,https://www.yelp.com/biz/jj-s-hideaway-brooklyn?adjust_creative=xC4n-h7ZGIsND4SXpQ_Fzg&utm_campaign=yelp_api_v3&utm_medium=api_v3_business_search&utm_source=xC4n-h7ZGIsND4SXpQ_Fzg,4,"[{'alias': 'bars', 'title': 'Bars'}, {'alias': 'danceclubs', 'title': 'Dance Clubs'}]",5.0,"{'latitude': 40.72092, 'longitude': -73.95804}",[],,"{'address1': '97 N 10th St', 'address2': '', 'address3': None, 'city': 'Brooklyn', 'zip_code': '11249', 'country': 'US', 'state': 'NY', 'display_address': ['97 N 10th St', 'Brooklyn, NY 11249']}",,,3878.4849542278444,Fun spot from the owner of Sea Wolf and other local places. Happy Hour 4-7. The drink prices are excellent and the mudslide takes me back to being on a...,"Such a fun spot! There's a light up dance floor!! Unpretentious space, amazing bartenders (Lisa, Jodi and Ashley are the best!) Definitely the perfect place...","I love JJ's!!! My boyfriend and I went here for the first time last weekend, and I am SO glad we stopped by! This place is amazing on every front- great..."
39,VP8vdcM7b6Jelfky1t_ttA,alphaville-brooklyn,Alphaville,https://s3-media1.fl.yelpcdn.com/bphoto/vyQN9_blYfsLA2TXnED8zg/o.jpg,False,https://www.yelp.com/biz/alphaville-brooklyn?adjust_creative=xC4n-h7ZGIsND4SXpQ_Fzg&utm_campaign=yelp_api_v3&utm_medium=api_v3_business_search&utm_source=xC4n-h7ZGIsND4SXpQ_Fzg,55,"[{'alias': 'bars', 'title': 'Bars'}, {'alias': 'musicvenues', 'title': 'Music Venues'}, {'alias': 'tradamerican', 'title': 'American (Traditional)'}]",3.5,"{'latitude': 40.700489, 'longitude': -73.925857}","['delivery', 'pickup']",$,"{'address1': '140 Wilson Ave', 'address2': '', 'address3': '', 'city': 'Brooklyn', 'zip_code': '11237', 'country': 'US', 'state': 'NY', 'display_address': ['140 Wilson Ave', 'Brooklyn, NY 11237']}",+13474138801,(347) 413-8801,706.2978817931713,Cute spot and cheap drinks. I like their beers on tap (good local ones) and the bartender was really nice! I didn't stay long enough to know more about the...,Dope spot! I love the Nuggets. Everything I could ever want. I have been going here for quite a bit. John is an amazing bartender!,"Alphaville reminds me so much of your typical music/bar venue in Camden Town,London. There's nothing fancy about it. Even wine is served from the can. 
It's..."
40,eWn7rJMEP2_xf_-IZX8XTw,marcos-brooklyn-5,Marco's,https://s3-media3.fl.yelpcdn.com/bphoto/upG4pIDZeHDVJ7Iyi5ox6Q/o.jpg,False,https://www.yelp.com/biz/marcos-brooklyn-5?adjust_creative=xC4n-h7ZGIsND4SXpQ_Fzg&utm_campaign=yelp_api_v3&utm_medium=api_v3_business_search&utm_source=xC4n-h7ZGIsND4SXpQ_Fzg,14,"[{'alias': 'pubs', 'title': 'Pubs'}]",3.5,"{'latitude': 40.69473, 'longitude': -73.93096}",[],$,"{'address1': '1071 Bdwy', 'address2': '', 'address3': None, 'city': 'Brooklyn', 'zip_code': '11221', 'country': 'US', 'state': 'NY', 'display_address': ['1071 Bdwy', 'Brooklyn, NY 11221']}",,,1438.4304225690903,"Marco's is one of my favorite divey (is that a word?) bars in BK. Every time I've gone here I've had a great time. 

The weekday happy hour is amazing. I...","Loud obnoxious hipsters destroying a once quiet street.

The entire place is dirty! I've watched people put their dogs on the bar, bartenders pet the dogs,...","Ugh, why you gotta do this to me, Brooklyn? I go into this swanky ass but accessible place - your bartenders are well-dressed and different and I really..."
41,Uw7o4KfoNgABvCcBFNUewQ,crawl-brooklyn-brooklyn,Crawl Brooklyn,https://s3-media4.fl.yelpcdn.com/bphoto/d_qUPiYC3wvWjoRs7VFFMw/o.jpg,False,https://www.yelp.com/biz/crawl-brooklyn-brooklyn?adjust_creative=xC4n-h7ZGIsND4SXpQ_Fzg&utm_campaign=yelp_api_v3&utm_medium=api_v3_business_search&utm_source=xC4n-h7ZGIsND4SXpQ_Fzg,1,"[{'alias': 'barcrawl', 'title': 'Bar Crawl'}]",5.0,"{'latitude': 40.7103080749512, 'longitude': -73.9568710327148}",[],,"{'address1': '', 'address2': None, 'address3': '', 'city': 'Brooklyn', 'zip_code': '11211', 'country': 'US', 'state': 'NY', 'display_address': ['Brooklyn, NY 11211']}",+19293240230,(929) 324-0230,3281.3721068115915,Amazing bar crawl experience in one of New York's best neighborhoods. Sarah takes the group on a great tour from bar to bar with great deals and even better...,No Review,No Review
42,gTVg1OTkZ-uCVZ12XPbi1Q,sunrise-sunset-bushwick,Sunrise/Sunset,https://s3-media1.fl.yelpcdn.com/bphoto/rD0tZtQEiUS0IMOJMIjjuQ/o.jpg,False,https://www.yelp.com/biz/sunrise-sunset-bushwick?adjust_creative=xC4n-h7ZGIsND4SXpQ_Fzg&utm_campaign=yelp_api_v3&utm_medium=api_v3_business_search&utm_source=xC4n-h7ZGIsND4SXpQ_Fzg,119,"[{'alias': 'wine_bars', 'title': 'Wine Bars'}, {'alias': 'cafes', 'title': 'Cafes'}, {'alias': 'cocktailbars', 'title': 'Cocktail Bars'}]",4.0,"{'latitude': 40.69381, 'longitude': -73.922683}","['delivery', 'pickup']",$$,"{'address1': '351 Evergreen Ave', 'address2': '', 'address3': '', 'city': 'Bushwick', 'zip_code': '11221', 'country': 'US', 'state': 'NY', 'display_address': ['351 Evergreen Ave', 'Bushwick, NY 11221']}",+13474425880,(347) 442-5880,1126.6682141301287,"Started coming here around 2017, nice place with good lattes and decent brunch plates. However, one sandwich in particular was stellar the Braised Beef...","All I can say is WOW! From the craft cocktails featuring Cynar 70 to the GAWGEENA bAristress who lives in the backyard, this place is A1. So money baby. Get...",Really cute brunch spot in Bushwick. Relaxed place offering many drinks & brunch options. There's not much in this area so this place is a gem. Service was...
43,9GXynHv92V4AaeBb5DExEA,wok-2-bar-brooklyn-4,Wok 2 Bar,https://s3-media2.fl.yelpcdn.com/bphoto/d1yjzc50oIrfcalguce36g/o.jpg,False,https://www.yelp.com/biz/wok-2-bar-brooklyn-4?adjust_creative=xC4n-h7ZGIsND4SXpQ_Fzg&utm_campaign=yelp_api_v3&utm_medium=api_v3_business_search&utm_source=xC4n-h7ZGIsND4SXpQ_Fzg,9,"[{'alias': 'asianfusion', 'title': 'Asian Fusion'}, {'alias': 'bars', 'title': 'Bars'}]",4.5,"{'latitude': 40.701911, 'longitude': -73.924235}","['delivery', 'pickup']",,"{'address1': '280 Knickerbocker Ave', 'address2': None, 'address3': '', 'city': 'Brooklyn', 'zip_code': '11237', 'country': 'US', 'state': 'NY', 'display_address': ['280 Knickerbocker Ave', 'Brooklyn, NY 11237']}",+17183662002,(718) 366-2002,515.7971168717065,It was OK. Ordered delivery for dinner and despite being flavorful we were a little underwhelmed. Both the rice and noodle dish we ordered came 75% full....,"My husband and I live in the neighborhood, we walked by this place couple of times. Today we finally walked in and I'm so glad  we did!

You can customized...",I can't say enough good things! The food here is amazing and the owner is so wonderful and lovely to talk to. Very clean and cozy place!! Highly recommend...
44,0b219wrHd6Ki8f_Oou-WSQ,brooklyn-comedy-collective-brooklyn,Brooklyn Comedy Collective,https://s3-media2.fl.yelpcdn.com/bphoto/lZZU6FtALX_6vvhNuhJp2Q/o.jpg,False,https://www.yelp.com/biz/brooklyn-comedy-collective-brooklyn?adjust_creative=xC4n-h7ZGIsND4SXpQ_Fzg&utm_campaign=yelp_api_v3&utm_medium=api_v3_business_search&utm_source=xC4n-h7ZGIsND4SXpQ_Fzg,3,"[{'alias': 'comedyclubs', 'title': 'Comedy Clubs'}, {'alias': 'dramaschools', 'title': 'Drama Schools'}]",5.0,"{'latitude': 40.7174883, 'longitude': -73.9635118}",[],,"{'address1': '58 N 3rd St', 'address2': None, 'address3': '', 'city': 'Brooklyn', 'zip_code': '11249', 'country': 'US', 'state': 'NY', 'display_address': ['58 N 3rd St', 'Brooklyn, NY 11249']}",+19175933843,(917) 593-3843,4110.402306508921,I took Milly Tamarez' Stand-Up Class and this is hands down the best Stand Up Class in New York City. Other classes have like 20 people in them and all you...,"Great class, good structure, fun teacher. Good basic intro to doing your own stand-up set",I took Rachel Rosenthal's Level 2 class here and it was amazing! One of the most informative and liberating improv experiences you can ask for. The shows...
45,K2lIExadV_sE_qM6SAgFHg,rftp-brooklyn-2,RFTP,https://s3-media1.fl.yelpcdn.com/bphoto/oN1rRhnoCB4GpmtI513dAQ/o.jpg,False,https://www.yelp.com/biz/rftp-brooklyn-2?adjust_creative=xC4n-h7ZGIsND4SXpQ_Fzg&utm_campaign=yelp_api_v3&utm_medium=api_v3_business_search&utm_source=xC4n-h7ZGIsND4SXpQ_Fzg,2,"[{'alias': 'lounges', 'title': 'Lounges'}]",5.0,"{'latitude': 40.71502, 'longitude': -73.95903}",[],,"{'address1': '247 Metropolitan Ave', 'address2': None, 'address3': '', 'city': 'Brooklyn', 'zip_code': '11211', 'country': 'US', 'state': 'NY', 'display_address': ['247 Metropolitan Ave', 'Brooklyn, NY 11211']}",+19296005588,(929) 600-5588,3670.087996495156,Came here and stayed with my sister we had a great time the food and drinks were reasonable and great would definitely come back again!,Great rooftop and delicious drinks. A perfect place to come for after dinner happy hour with friends!,No Review
46,ZePgYdW4Xijf1-65iALCWQ,jones-beach-brooklyn,Jones Beach,https://s3-media3.fl.yelpcdn.com/bphoto/1YtDdGt708LpFLyEPoRObg/o.jpg,False,https://www.yelp.com/biz/jones-beach-brooklyn?adjust_creative=xC4n-h7ZGIsND4SXpQ_Fzg&utm_campaign=yelp_api_v3&utm_medium=api_v3_business_search&utm_source=xC4n-h7ZGIsND4SXpQ_Fzg,8,"[{'alias': 'bars', 'title': 'Bars'}, {'alias': 'cafes', 'title': 'Cafes'}]",4.5,"{'latitude': 40.696598, 'longitude': -73.93501}","['delivery', 'pickup']",,"{'address1': '4 Stuyvesant Ave', 'address2': '', 'address3': None, 'city': 'Brooklyn', 'zip_code': '11221', 'country': 'US', 'state': 'NY', 'display_address': ['4 Stuyvesant Ave', 'Brooklyn, NY 11221']}",+13474425255,(347) 442-5255,1589.8479375097058,Cute coffee shop near my boyfriend's apartment. I walked in with my own mug to grab some cold brew and the man at the counter was very kind about letting me...,"Fantastic little dive bar and coffee shop. It's trendy, friendly, and very welcoming. Their coffee is great as well. I love the fact that they've got coffee...","Nice little hole in the wall cafe and bar. They only serve pastries so if you are seeing something more substantial, there are options in the area."
47,xHVQHe0vhtIPPtK9wUqb7A,jackbar-brooklyn,Jackbar,https://s3-media3.fl.yelpcdn.com/bphoto/_jCG6lVQB1bGIis7DMJlAQ/o.jpg,False,https://www.yelp.com/biz/jackbar-brooklyn?adjust_creative=xC4n-h7ZGIsND4SXpQ_Fzg&utm_campaign=yelp_api_v3&utm_medium=api_v3_business_search&utm_source=xC4n-h7ZGIsND4SXpQ_Fzg,110,"[{'alias': 'bars', 'title': 'Bars'}, {'alias': 'arcades', 'title': 'Arcades'}]",4.5,"{'latitude': 40.7118301391602, 'longitude': -73.9571762084961}",[],$,"{'address1': '143 Havemeyer St', 'address2': None, 'address3': '', 'city': 'Brooklyn', 'zip_code': '11211', 'country': 'US', 'state': 'NY', 'display_address': ['143 Havemeyer St', 'Brooklyn, NY 11211']}",,,3398.9504304297852,What can't I say about Jackbar. This is my home away from home. A sort of living room feel where you know all the regulars and the staff and they know you....,"Horrible spot. Unfriendly owner. Pinball machines suck.  

Joking.  Their shirts have bad reviews so I'd figure why not start that way.  On another level,...","I feel I've spent enough time and $$$ here to update my review. Back to 5 stars! I've been back here enough to see that my last review was an anomaly. 

In..."
48,3bFc_TMfpjXMCQ-yQv22gQ,happyfun-hideaway-brooklyn,Happyfun Hideaway,https://s3-media1.fl.yelpcdn.com/bphoto/xoSP9Q35nOuNw8c3qwwo0A/o.jpg,False,https://www.yelp.com/biz/happyfun-hideaway-brooklyn?adjust_creative=xC4n-h7ZGIsND4SXpQ_Fzg&utm_campaign=yelp_api_v3&utm_medium=api_v3_business_search&utm_source=xC4n-h7ZGIsND4SXpQ_Fzg,94,"[{'alias': 'divebars', 'title': 'Dive Bars'}, {'alias': 'gaybars', 'title': 'Gay Bars'}]",3.5,"{'latitude': 40.6975587, 'longitude': -73.931648}",[],$,"{'address1': '1211 Myrtle Ave', 'address2': '', 'address3': '', 'city': 'Brooklyn', 'zip_code': '11221', 'country': 'US', 'state': 'NY', 'display_address': ['1211 Myrtle Ave', 'Brooklyn, NY 11221']}",,,1291.2915633180978,"First I was taken aback from the ""D I Y"" ethos, but then the hippity hippity mind boggling maybe a ecstacy pill in my drink or maybe just the TV screens...","The bartenders do not provide you with copies of your receipt and then falsify your tip amount.

I ordered 6 drinks (either well drinks or premade...","FRAUDULENT CREDIT ACTIVITY FROM THIS BAR.  SAVE YOUR RECEIPTS AND CROSS CHECK YOUR CREDIT STATEMENT!!!!

I was buying a few drinks for friends and the..."
49,qOv_Tb5oOx6vIOMQ14wqpw,mad-hatters-g-and-t-party-brooklyn,Mad Hatter's G&T Party,https://s3-media4.fl.yelpcdn.com/bphoto/jIsTyn8xH8-OFn9ygdc7VA/o.jpg,False,https://www.yelp.com/biz/mad-hatters-g-and-t-party-brooklyn?adjust_creative=xC4n-h7ZGIsND4SXpQ_Fzg&utm_campaign=yelp_api_v3&utm_medium=api_v3_business_search&utm_source=xC4n-h7ZGIsND4SXpQ_Fzg,22,"[{'alias': 'bars', 'title': 'Bars'}, {'alias': 'arts', 'title': 'Arts & Entertainment'}]",4.0,"{'latitude': 40.710036, 'longitude': -73.9334966}",[],,"{'address1': '173 Morgan Ave', 'address2': '', 'address3': None, 'city': 'Brooklyn', 'zip_code': '11206', 'country': 'US', 'state': 'NY', 'display_address': ['173 Morgan Ave', 'Brooklyn, NY 11206']}",+16467817359,(646) 781-7359,1482.0357040594922,"We had a fun time! 

Located in the back yard  of Arrogant Swine. It's kinda in the middle of a desolate area of East Williamsburg. 

Had no trouble parking...",Company seems to be a scam. Emailed them 48 hours ago and I didn't even get an acknowledgement. Seems to me like they took my $70 and ran.,"Probably better with some substance enhancement BUT if you like off broadway, Alice, and being crammed into a trucked out bus with tanqueray... yay?

This..."
